

------------------ INSERT PERSONA ------------------

INSERT INTO PERSONA (idPersona,pnombre,snombre,papellido,sapellido,direccion,correo,NoIdentidad) VALUES (1,'Lionel','Ruby','Mechelle','Mannix','Apdo.:419-8537 Proin Ctra.','Lionel.Mechelle@gmail.com','0801-1990-12345');
INSERT INTO PERSONA (idPersona,pnombre,snombre,papellido,sapellido,direccion,correo,NoIdentidad) VALUES (2,'Barrett','Katelyn','Kameko','Oscar','Apdo.:165-4262 Non C.','Barrett.Kameko@gmail.com','0801-1990-13245');
INSERT INTO PERSONA (idPersona,pnombre,snombre,papellido,sapellido,direccion,correo,NoIdentidad) VALUES (3,'Wade','Ivana','Melissa','Ferdinand','Apartado núm.: 905, 1658 Phasellus C.','Wade.Melissa@gmail.com','0801-1990-12543');
INSERT INTO PERSONA (idPersona,pnombre,snombre,papellido,sapellido,direccion,correo,NoIdentidad) VALUES (4,'Malcolm','Angelica','Uriel','Mannix','Apdo.:984-4984 Diam C.','Malcolm.Uriel@gmail.com','0801-1991-12345');
INSERT INTO PERSONA (idPersona,pnombre,snombre,papellido,sapellido,direccion,correo,NoIdentidad) VALUES (5,'Sawyer','Amelia','Benjamin','Fuller','Apdo.:602-6808 Sed Calle','Sawyer.Benjamin@gmail.com','0801-1989-12345');
INSERT INTO PERSONA (idPersona,pnombre,snombre,papellido,sapellido,direccion,correo,NoIdentidad) VALUES (6,'Austin','Karly','Aladdin','Aristotle','Apartado núm.: 247, 1371 Curabitur Carretera','Austin.Aladdin@gmail.com','0801-1992-12345');
INSERT INTO PERSONA (idPersona,pnombre,snombre,papellido,sapellido,direccion,correo,NoIdentidad) VALUES (7,'Silas','Vivian','Hunter','Jermaine','435-7991 Commodo Avenida','Silas.Hunter@gmail.com','0801-1990-12346');
INSERT INTO PERSONA (idPersona,pnombre,snombre,papellido,sapellido,direccion,correo,NoIdentidad) VALUES (8,'Elvis','Kylie','Gage','Abbot','265-7874 Felis. Ctra.','Elvis.Gage@gmail.com','0801-1990-12347');
INSERT INTO PERSONA (idPersona,pnombre,snombre,papellido,sapellido,direccion,correo,NoIdentidad) VALUES (9,'Dolan','Willa','Scarlet','Simon','Apartado núm.: 465, 4861 Blandit. Avenida','Dolan.Scarlet@gmail.com','0801-1990-12348');
INSERT INTO PERSONA (idPersona,pnombre,snombre,papellido,sapellido,direccion,correo,NoIdentidad) VALUES (10,'Kasimir','Jacqueline','Rajah','Barrett','Apdo.:555-5138 Ante C/','Kasimir.Rajah@gmail.com','0801-1990-12349');
INSERT INTO PERSONA (idPersona,pnombre,snombre,papellido,sapellido,direccion,correo,NoIdentidad) VALUES (11,'Mannix','Mara','Ashton','Acton','Apartado núm.: 955, 5906 Erat. Calle','Mannix.Ashton@gmail.com','0801-1990-12344');
INSERT INTO PERSONA (idPersona,pnombre,snombre,papellido,sapellido,direccion,correo,NoIdentidad) VALUES (12,'Rajah','Vivian','Damian','Damian','Apdo.:199-8231 Enim Avenida','Rajah.Damian@gmail.com','0801-1990-12341');
INSERT INTO PERSONA (idPersona,pnombre,snombre,papellido,sapellido,direccion,correo,NoIdentidad) VALUES (13,'Lyle','Aspen','Zenaida','Elliott','Apdo.:851-1894 Interdum Calle','Lyle.Zenaida@gmail.com','0801-1990-12342');
INSERT INTO PERSONA (idPersona,pnombre,snombre,papellido,sapellido,direccion,correo,NoIdentidad) VALUES (14,'Josiah','Francesca','Tara','Logan','Apartado núm.: 625, 7156 Cursus Av.','Josiah.Tara@gmail.com','0801-1990-12343');
INSERT INTO PERSONA (idPersona,pnombre,snombre,papellido,sapellido,direccion,correo,NoIdentidad) VALUES (15,'Caldwell','Chanda','Colette','William','Apartado núm.: 447, 6839 Dolor. ','Caldwell.Colette@gmail.com','0801-1990-22345');
INSERT INTO PERSONA (idPersona,pnombre,snombre,papellido,sapellido,direccion,correo,NoIdentidad) VALUES (16,'Carlos','Lacy','Catherine','Kenneth','275-594 Proin Avenida','Carlos.Catherine@gmail.com','0801-1990-23345');
INSERT INTO PERSONA (idPersona,pnombre,snombre,papellido,sapellido,direccion,correo,NoIdentidad) VALUES (17,'Ali','Nerea','Hop','Lamar','Apdo.:279-8210 Conubia Carretera','Ali.Hop@gmail.com','0801-1990-13345');
INSERT INTO PERSONA (idPersona,pnombre,snombre,papellido,sapellido,direccion,correo,NoIdentidad) VALUES (18,'Burton','Xena','Wing','Cade','Apartado núm.: 405, 6350 Semper Ctra.','Burton.Wing@gmail.com','0801-1990-52345');
INSERT INTO PERSONA (idPersona,pnombre,snombre,papellido,sapellido,direccion,correo,NoIdentidad) VALUES (19,'Kane','Mikayla','Barrett','Donovan','Apartado núm.: 739, 2415 Egestas C.','Kane.Barrett@gmail.com','0801-1992-52341');
INSERT INTO PERSONA (idPersona,pnombre,snombre,papellido,sapellido,direccion,correo,NoIdentidad) VALUES (20,'Nissim','Lenore','Griffin','Quamar','Apdo.:533-8845 Eleifend, Ctra.','Nissim.Griffin@gmail.com','0801-1992-52344');
INSERT INTO PERSONA (idPersona,pnombre,snombre,papellido,sapellido,direccion,correo,NoIdentidad) VALUES (21,'Porter','Kerry','Hedley','Jarrod','2752 Tellus Calle','Porter.Hedley@gmail.com','0801-1992-32343');
INSERT INTO PERSONA (idPersona,pnombre,snombre,papellido,sapellido,direccion,correo,NoIdentidad) VALUES (22,'Paki','Sade','Cheryl','Kieran','266-3845 Bibendum Ctra.','Paki.Cheryl@gmail.com','0801-1992-23342');
INSERT INTO PERSONA (idPersona,pnombre,snombre,papellido,sapellido,direccion,correo,NoIdentidad) VALUES (23,'Wayne','Sydnee','Gray','Arthur','529-2933 Convallis Avda.','Wayne.Gray@gmail.com','0801-1992-12243');
INSERT INTO PERSONA (idPersona,pnombre,snombre,papellido,sapellido,direccion,correo,NoIdentidad) VALUES (24,'Tyler','Priscilla','Carolyn','Brian','931-1471 Id, ','Tyler.Carolyn@gmail.com','0801-1992-12366');
INSERT INTO PERSONA (idPersona,pnombre,snombre,papellido,sapellido,direccion,correo,NoIdentidad) VALUES (25,'Marshall','Jasmine','Jael','Bradley','483-5240 Mauris, C/','Marshall.Jael@gmail.com','0801-1992-12555');
INSERT INTO PERSONA (idPersona,pnombre,snombre,papellido,sapellido,direccion,correo,NoIdentidad) VALUES (26,'Wyatt','Hanna','Olivia','Stuart','Apdo.:976-9925 Proin Av.','Wyatt.Olivia@gmail.com','0801-1992-11111');
INSERT INTO PERSONA (idPersona,pnombre,snombre,papellido,sapellido,direccion,correo,NoIdentidad) VALUES (27,'Cody','Maggie','Lilah','Gage','Apdo.:696-4729 Id Calle','Cody.Lilah@gmail.com','0801-1992-12111');
INSERT INTO PERSONA (idPersona,pnombre,snombre,papellido,sapellido,direccion,correo,NoIdentidad) VALUES (28,'Gage','Briar','Dylan','Chester','Apartado núm.: 475, 9258 Donec Av.','Gage.Dylan@gmail.com','0801-1992-12231');
INSERT INTO PERSONA (idPersona,pnombre,snombre,papellido,sapellido,direccion,correo,NoIdentidad) VALUES (29,'Aristotle','Mary','Erich','Kirk','Apartado núm.: 308, 1177 Tristique Calle','Aristotle.Erich@gmail.com','0801-1992-98765');
INSERT INTO PERSONA (idPersona,pnombre,snombre,papellido,sapellido,direccion,correo,NoIdentidad) VALUES (30,'Louis','Lucy','Dexter','Josiah','376-9729 Sed Avda.','Louis.Dexter@gmail.com','0801-1992-91234');
INSERT INTO PERSONA (idPersona,pnombre,snombre,papellido,sapellido,direccion,correo,NoIdentidad) VALUES (31,'Gage','Lee','Lucian','Honorato','Apdo.:658-265 Lacinia C/','Gage.Lucian@gmail.com','0801-1992-55234');

------------------ INSERT TELEFONO ------------------

INSERT INTO TELEFONO (idTelefono,numero,Persona_idPersona) VALUES (1,'2090-7146',1);
INSERT INTO TELEFONO (idTelefono,numero,Persona_idPersona) VALUES (2,'3985-5240',2);
INSERT INTO TELEFONO (idTelefono,numero,Persona_idPersona) VALUES (3,'2128-3334',3);
INSERT INTO TELEFONO (idTelefono,numero,Persona_idPersona) VALUES (4,'5873-4378',4);
INSERT INTO TELEFONO (idTelefono,numero,Persona_idPersona) VALUES (5,'2999-5807',5);
INSERT INTO TELEFONO (idTelefono,numero,Persona_idPersona) VALUES (6,'1927-9969',6);
INSERT INTO TELEFONO (idTelefono,numero,Persona_idPersona) VALUES (7,'2743-8604',7);
INSERT INTO TELEFONO (idTelefono,numero,Persona_idPersona) VALUES (8,'4741-9356',8);
INSERT INTO TELEFONO (idTelefono,numero,Persona_idPersona) VALUES (9,'9373-0521',9);
INSERT INTO TELEFONO (idTelefono,numero,Persona_idPersona) VALUES (10,'6061-5791',10);
INSERT INTO TELEFONO (idTelefono,numero,Persona_idPersona) VALUES (11,'5945-1617',11);
INSERT INTO TELEFONO (idTelefono,numero,Persona_idPersona) VALUES (12,'9069-9902',12);
INSERT INTO TELEFONO (idTelefono,numero,Persona_idPersona) VALUES (13,'8284-3627',13);
INSERT INTO TELEFONO (idTelefono,numero,Persona_idPersona) VALUES (14,'6089-9021',14);
INSERT INTO TELEFONO (idTelefono,numero,Persona_idPersona) VALUES (15,'4137-8081',15);
INSERT INTO TELEFONO (idTelefono,numero,Persona_idPersona) VALUES (16,'1989-7983',16);
INSERT INTO TELEFONO (idTelefono,numero,Persona_idPersona) VALUES (17,'5898-0481',17);
INSERT INTO TELEFONO (idTelefono,numero,Persona_idPersona) VALUES (18,'1254-0038',18);
INSERT INTO TELEFONO (idTelefono,numero,Persona_idPersona) VALUES (19,'4512-7683',19);
INSERT INTO TELEFONO (idTelefono,numero,Persona_idPersona) VALUES (20,'3642-1573',20);
INSERT INTO TELEFONO (idTelefono,numero,Persona_idPersona) VALUES (21,'1075-6617',21);
INSERT INTO TELEFONO (idTelefono,numero,Persona_idPersona) VALUES (22,'4940-7021',22);
INSERT INTO TELEFONO (idTelefono,numero,Persona_idPersona) VALUES (23,'3486-2747',23);
INSERT INTO TELEFONO (idTelefono,numero,Persona_idPersona) VALUES (24,'1914-9662',24);
INSERT INTO TELEFONO (idTelefono,numero,Persona_idPersona) VALUES (25,'2756-6682',25);
INSERT INTO TELEFONO (idTelefono,numero,Persona_idPersona) VALUES (26,'6428-4005',26);
INSERT INTO TELEFONO (idTelefono,numero,Persona_idPersona) VALUES (27,'7932-8061',27);
INSERT INTO TELEFONO (idTelefono,numero,Persona_idPersona) VALUES (28,'1197-5857',28);
INSERT INTO TELEFONO (idTelefono,numero,Persona_idPersona) VALUES (29,'2597-5193',29);
INSERT INTO TELEFONO (idTelefono,numero,Persona_idPersona) VALUES (30,'1033-6228',30);


------------------ INSERT CLIENTE ------------------

INSERT INTO CLIENTE (idCliente,fechaIngreso,Persona_idPersona) VALUES (1,TO_DATE('10/12/2018 09:05:01','DD/MM/YYYY hh24:mi:ss'),20);
INSERT INTO CLIENTE (idCliente,fechaIngreso,Persona_idPersona) VALUES (2,TO_DATE('01/12/2018 09:05:01','DD/MM/YYYY hh24:mi:ss'),21);
INSERT INTO CLIENTE (idCliente,fechaIngreso,Persona_idPersona) VALUES (3,TO_DATE('01/12/2018 09:05:01','DD/MM/YYYY hh24:mi:ss'),22);
INSERT INTO CLIENTE (idCliente,fechaIngreso,Persona_idPersona) VALUES (4,TO_DATE('05/01/2018 09:05:01','DD/MM/YYYY hh24:mi:ss'),23);
INSERT INTO CLIENTE (idCliente,fechaIngreso,Persona_idPersona) VALUES (5,TO_DATE('04/09/2018 09:05:01','DD/MM/YYYY hh24:mi:ss'),24);
INSERT INTO CLIENTE (idCliente,fechaIngreso,Persona_idPersona) VALUES (6,TO_DATE('10/12/2018 09:05:01','DD/MM/YYYY hh24:mi:ss'),25);
INSERT INTO CLIENTE (idCliente,fechaIngreso,Persona_idPersona) VALUES (7,TO_DATE('06/06/2018 09:05:01','DD/MM/YYYY hh24:mi:ss'),26);
INSERT INTO CLIENTE (idCliente,fechaIngreso,Persona_idPersona) VALUES (8,TO_DATE('09/12/2018 09:05:01','DD/MM/YYYY hh24:mi:ss'),27);
INSERT INTO CLIENTE (idCliente,fechaIngreso,Persona_idPersona) VALUES (9,TO_DATE('11/11/2018 09:05:01','DD/MM/YYYY hh24:mi:ss'),28);
INSERT INTO CLIENTE (idCliente,fechaIngreso,Persona_idPersona) VALUES (10,TO_DATE('10/03/2019 09:05:01','DD/MM/YYYY hh24:mi:ss'),29);
INSERT INTO CLIENTE (idCliente,fechaIngreso,Persona_idPersona) VALUES (11,TO_DATE('02/03/2019 09:05:01','DD/MM/YYYY hh24:mi:ss'),30);


------------------ INSERT AUTOR ------------------

INSERT INTO AUTOR (idAutor,Persona_idPersona) VALUES (1,10);
INSERT INTO AUTOR (idAutor,Persona_idPersona) VALUES (2,11);
INSERT INTO AUTOR (idAutor,Persona_idPersona) VALUES (3,12);
INSERT INTO AUTOR (idAutor,Persona_idPersona) VALUES (4,13);
INSERT INTO AUTOR (idAutor,Persona_idPersona) VALUES (5,14);
INSERT INTO AUTOR (idAutor,Persona_idPersona) VALUES (6,15);
INSERT INTO AUTOR (idAutor,Persona_idPersona) VALUES (7,16);
INSERT INTO AUTOR (idAutor,Persona_idPersona) VALUES (8,17);
INSERT INTO AUTOR (idAutor,Persona_idPersona) VALUES (9,18);
INSERT INTO AUTOR (idAutor,Persona_idPersona) VALUES (10,19);

------------------ INSERT CARGO ------------------

INSERT INTO CARGO (idCargo,descripcion) VALUES (1,'Director');
INSERT INTO CARGO (idCargo,descripcion) VALUES (2,'Subdirector');
INSERT INTO CARGO (idCargo,descripcion) VALUES (3,'Administrador');
INSERT INTO CARGO (idCargo,descripcion) VALUES (4,'Jefe cajero');
INSERT INTO CARGO (idCargo,descripcion) VALUES (5,'Cajero');
INSERT INTO CARGO (idCargo,descripcion) VALUES (6,'Personal de aseo');
INSERT INTO CARGO (idCargo,descripcion) VALUES (7,'Atencion al cliente');
INSERT INTO CARGO (idCargo,descripcion) VALUES (8,'Guardia de seguridad');


------------------ INSERT EMPLEADO ------------------

INSERT INTO EMPLEADO (idEmpleado,FechaIngreso,Persona_idPersona) VALUES (1,TO_DATE('10/12/2016 09:05:01','DD/MM/YYYY hh24:mi:ss'),1);
INSERT INTO EMPLEADO (idEmpleado,FechaIngreso,Persona_idPersona) VALUES (2,TO_DATE('01/12/2016 09:05:01','DD/MM/YYYY hh24:mi:ss'),2);
INSERT INTO EMPLEADO (idEmpleado,FechaIngreso,Persona_idPersona) VALUES (3,TO_DATE('01/12/2016 09:05:01','DD/MM/YYYY hh24:mi:ss'),3);
INSERT INTO EMPLEADO (idEmpleado,FechaIngreso,Persona_idPersona) VALUES (4,TO_DATE('05/01/2016 09:05:01','DD/MM/YYYY hh24:mi:ss'),4);
INSERT INTO EMPLEADO (idEmpleado,FechaIngreso,Persona_idPersona) VALUES (5,TO_DATE('04/09/2016 09:05:01','DD/MM/YYYY hh24:mi:ss'),5);
INSERT INTO EMPLEADO (idEmpleado,FechaIngreso,Persona_idPersona) VALUES (6,TO_DATE('10/12/2016 09:05:01','DD/MM/YYYY hh24:mi:ss'),6);
INSERT INTO EMPLEADO (idEmpleado,FechaIngreso,Persona_idPersona) VALUES (7,TO_DATE('06/06/2016 09:05:01','DD/MM/YYYY hh24:mi:ss'),7);
INSERT INTO EMPLEADO (idEmpleado,FechaIngreso,Persona_idPersona) VALUES (8,TO_DATE('09/12/2016 09:05:01','DD/MM/YYYY hh24:mi:ss'),8);
INSERT INTO EMPLEADO (idEmpleado,FechaIngreso,Persona_idPersona) VALUES (9,TO_DATE('11/11/2016 09:05:01','DD/MM/YYYY hh24:mi:ss'),9);


------------------ INSERT EMPLEADO CARGO ------------------

INSERT INTO EMPLEADOCARGO (idEmpleadoCargo, FechaNombramiento, fechaFin, Empleado_idEmpleado,Cargo_idCargo) VALUES (1,TO_DATE('02/03/2016 22:05:01','DD/MM/YYYY hh24:mi:ss'),TO_DATE('02/03/2019 22:05:01','DD/MM/YYYY hh24:mi:ss'),1,1);
INSERT INTO EMPLEADOCARGO (idEmpleadoCargo, FechaNombramiento, fechaFin, Empleado_idEmpleado,Cargo_idCargo) VALUES (2,TO_DATE('02/03/2016 22:05:01','DD/MM/YYYY hh24:mi:ss'),TO_DATE('02/03/2019 22:05:01','DD/MM/YYYY hh24:mi:ss'),2,2);
INSERT INTO EMPLEADOCARGO (idEmpleadoCargo, FechaNombramiento, fechaFin, Empleado_idEmpleado,Cargo_idCargo) VALUES (3,TO_DATE('02/03/2016 22:05:01','DD/MM/YYYY hh24:mi:ss'),TO_DATE('02/03/2019 22:05:01','DD/MM/YYYY hh24:mi:ss'),3,3);
INSERT INTO EMPLEADOCARGO (idEmpleadoCargo, FechaNombramiento, fechaFin, Empleado_idEmpleado,Cargo_idCargo) VALUES (4,TO_DATE('02/03/2016 22:05:01','DD/MM/YYYY hh24:mi:ss'),TO_DATE('02/03/2019 22:05:01','DD/MM/YYYY hh24:mi:ss'),4,4);
INSERT INTO EMPLEADOCARGO (idEmpleadoCargo, FechaNombramiento, fechaFin, Empleado_idEmpleado,Cargo_idCargo) VALUES (5,TO_DATE('02/03/2016 22:05:01','DD/MM/YYYY hh24:mi:ss'),TO_DATE('02/03/2019 22:05:01','DD/MM/YYYY hh24:mi:ss'),5,5);
INSERT INTO EMPLEADOCARGO (idEmpleadoCargo, FechaNombramiento, fechaFin, Empleado_idEmpleado,Cargo_idCargo) VALUES (6,TO_DATE('02/03/2016 22:05:01','DD/MM/YYYY hh24:mi:ss'),TO_DATE('02/03/2019 22:05:01','DD/MM/YYYY hh24:mi:ss'),6,5);
INSERT INTO EMPLEADOCARGO (idEmpleadoCargo, FechaNombramiento, fechaFin, Empleado_idEmpleado,Cargo_idCargo) VALUES (7,TO_DATE('02/03/2016 22:05:01','DD/MM/YYYY hh24:mi:ss'),TO_DATE('02/03/2019 22:05:01','DD/MM/YYYY hh24:mi:ss'),7,6);
INSERT INTO EMPLEADOCARGO (idEmpleadoCargo, FechaNombramiento, fechaFin, Empleado_idEmpleado,Cargo_idCargo) VALUES (8,TO_DATE('02/03/2016 22:05:01','DD/MM/YYYY hh24:mi:ss'),TO_DATE('02/03/2019 22:05:01','DD/MM/YYYY hh24:mi:ss'),8,7);
INSERT INTO EMPLEADOCARGO (idEmpleadoCargo, FechaNombramiento, fechaFin, Empleado_idEmpleado,Cargo_idCargo) VALUES (9,TO_DATE('02/03/2016 22:05:01','DD/MM/YYYY hh24:mi:ss'),TO_DATE('02/03/2019 22:05:01','DD/MM/YYYY hh24:mi:ss'),9,8);


------------------ INSERT LIBRERIA ------------------

INSERT INTO LIBRERIA (idLibreria,nombre,direccion,RTN,Telefono) VALUES (1,'Las tres rosas','Col. Kennedy, 3816 2da. Entrada.','rtn-2239-1093','2239-1193');
INSERT INTO LIBRERIA (idLibreria,nombre,direccion,RTN,Telefono) VALUES (2,'Fondo Cultural Hondureño','Col. San Carlos','rtn-2239-1093','2239-1093');
INSERT INTO LIBRERIA (idLibreria,nombre,direccion,RTN,Telefono) VALUES (3,'Libreria San Antonio','3 Ave. 3 Y 4 Cll. No. 1013 Teg.','rtn-2220-1120','2220-1120');
INSERT INTO LIBRERIA (idLibreria,nombre,direccion,RTN,Telefono) VALUES (4,'Libreria Y Papeleria C & M','Centro Comercial Villas Del Sol','rtn-2228-3399','2228-3399');


------------------ INSERT BODEGA ------------------

INSERT INTO BODEGA (idBodega,Nombre) VALUES (1,'Bodega 1');
INSERT INTO BODEGA (idBodega,Nombre) VALUES (2,'Bodega 2');
INSERT INTO BODEGA (idBodega,Nombre) VALUES (3,'Bodega 3');
INSERT INTO BODEGA (idBodega,Nombre) VALUES (4,'Bodega 4');


------------------ INSERT SUCURSAL ------------------

INSERT INTO SUCURSAL (idSucursal,nombre,direccion,telefono,Bodega_idBodega,Libreria_idLibreria) VALUES (1,'Sucursal 11','Col. Kennedy, 3816 2da. Entrada.','2234-2194',1,1);
INSERT INTO SUCURSAL (idSucursal,nombre,direccion,telefono,Bodega_idBodega,Libreria_idLibreria) VALUES (2,'Sucursal 12','Col. Kennedy, 3816 2da. Entrada.','2234-2194',2,1);
INSERT INTO SUCURSAL (idSucursal,nombre,direccion,telefono,Bodega_idBodega,Libreria_idLibreria) VALUES (3,'Sucursal 13','Col. Kennedy, 3816 2da. Entrada.','2234-2194',3,1);
INSERT INTO SUCURSAL (idSucursal,nombre,direccion,telefono,Bodega_idBodega,Libreria_idLibreria) VALUES (4,'Sucursal 21','Col. San Carlos','2239-1093',1,2);
INSERT INTO SUCURSAL (idSucursal,nombre,direccion,telefono,Bodega_idBodega,Libreria_idLibreria) VALUES (5,'Sucursal 22','Col. San Carlos','2239-1093',2,2);
INSERT INTO SUCURSAL (idSucursal,nombre,direccion,telefono,Bodega_idBodega,Libreria_idLibreria) VALUES (6,'Sucursal 23','Col. San Carlos','2239-1093',3,2);


------------------ INSERT SUCURSALEMPLEADO ------------------

INSERT INTO SUCURSALEMPLEADO (idSucursalEmpleado,fechaInicio, fechaFin,Sucursal_idSucursal,Empleado_idEmpleado) VALUES (1,TO_DATE('02/03/2016 22:05:01','DD/MM/YYYY hh24:mi:ss'),TO_DATE('02/03/2019 22:05:01','DD/MM/YYYY hh24:mi:ss'),1,1);
INSERT INTO SUCURSALEMPLEADO (idSucursalEmpleado,fechaInicio, fechaFin,Sucursal_idSucursal,Empleado_idEmpleado) VALUES (2,TO_DATE('02/03/2016 22:05:01','DD/MM/YYYY hh24:mi:ss'),TO_DATE('02/03/2019 22:05:01','DD/MM/YYYY hh24:mi:ss'),1,2);
INSERT INTO SUCURSALEMPLEADO (idSucursalEmpleado,fechaInicio, fechaFin,Sucursal_idSucursal,Empleado_idEmpleado) VALUES (3,TO_DATE('02/03/2016 22:05:01','DD/MM/YYYY hh24:mi:ss'),TO_DATE('02/03/2019 22:05:01','DD/MM/YYYY hh24:mi:ss'),1,3);
INSERT INTO SUCURSALEMPLEADO (idSucursalEmpleado,fechaInicio, fechaFin,Sucursal_idSucursal,Empleado_idEmpleado) VALUES (4,TO_DATE('02/03/2016 22:05:01','DD/MM/YYYY hh24:mi:ss'),TO_DATE('02/03/2019 22:05:01','DD/MM/YYYY hh24:mi:ss'),1,4);
INSERT INTO SUCURSALEMPLEADO (idSucursalEmpleado,fechaInicio, fechaFin,Sucursal_idSucursal,Empleado_idEmpleado) VALUES (5,TO_DATE('02/03/2016 22:05:01','DD/MM/YYYY hh24:mi:ss'),TO_DATE('02/03/2019 22:05:01','DD/MM/YYYY hh24:mi:ss'),1,5);
INSERT INTO SUCURSALEMPLEADO (idSucursalEmpleado,fechaInicio, fechaFin,Sucursal_idSucursal,Empleado_idEmpleado) VALUES (6,TO_DATE('02/03/2016 22:05:01','DD/MM/YYYY hh24:mi:ss'),TO_DATE('02/03/2019 22:05:01','DD/MM/YYYY hh24:mi:ss'),1,6);
INSERT INTO SUCURSALEMPLEADO (idSucursalEmpleado,fechaInicio, fechaFin,Sucursal_idSucursal,Empleado_idEmpleado) VALUES (7,TO_DATE('02/03/2016 22:05:01','DD/MM/YYYY hh24:mi:ss'),TO_DATE('02/03/2019 22:05:01','DD/MM/YYYY hh24:mi:ss'),1,7);


------------------ INSERT PASILLO ------------------

INSERT INTO PASILLO (idPasillo, descripcion, Bodega_idBodega) VALUES (1,'Pasillo A',1);
INSERT INTO PASILLO (idPasillo, descripcion, Bodega_idBodega) VALUES (2,'Pasillo B',1);
INSERT INTO PASILLO (idPasillo, descripcion, Bodega_idBodega) VALUES (3,'Pasillo C',1);
INSERT INTO PASILLO (idPasillo, descripcion, Bodega_idBodega) VALUES (4,'Pasillo D',1);
INSERT INTO PASILLO (idPasillo, descripcion, Bodega_idBodega) VALUES (5,'Pasillo E',1);
INSERT INTO PASILLO (idPasillo, descripcion, Bodega_idBodega) VALUES (6,'Pasillo F',1);
INSERT INTO PASILLO (idPasillo, descripcion, Bodega_idBodega) VALUES (7,'Pasillo G',1);
INSERT INTO PASILLO (idPasillo, descripcion, Bodega_idBodega) VALUES (8,'Pasillo H',1);
INSERT INTO PASILLO (idPasillo, descripcion, Bodega_idBodega) VALUES (9,'Pasillo I',1);
INSERT INTO PASILLO (idPasillo, descripcion, Bodega_idBodega) VALUES (10,'Pasillo J',1);


------------------ INSERT ESTANTE ------------------

INSERT INTO ESTANTE (idEstante, descripcion, Pasillo_idPasillo) VALUES (1,'Estante A1',1);
INSERT INTO ESTANTE (idEstante, descripcion, Pasillo_idPasillo) VALUES (2,'Estante A2',1);
INSERT INTO ESTANTE (idEstante, descripcion, Pasillo_idPasillo) VALUES (3,'Estante A3',1);
INSERT INTO ESTANTE (idEstante, descripcion, Pasillo_idPasillo) VALUES (4,'Estante A4',1);
INSERT INTO ESTANTE (idEstante, descripcion, Pasillo_idPasillo) VALUES (5,'Estante A5',1);
INSERT INTO ESTANTE (idEstante, descripcion, Pasillo_idPasillo) VALUES (6,'Estante A6',1);
INSERT INTO ESTANTE (idEstante, descripcion, Pasillo_idPasillo) VALUES (7,'Estante A7',1);
INSERT INTO ESTANTE (idEstante, descripcion, Pasillo_idPasillo) VALUES (8,'Estante A8',1);
INSERT INTO ESTANTE (idEstante, descripcion, Pasillo_idPasillo) VALUES (9,'Estante A9',1);
INSERT INTO ESTANTE (idEstante, descripcion, Pasillo_idPasillo) VALUES (10,'Estante A10',1);

INSERT INTO ESTANTE (idEstante, descripcion, Pasillo_idPasillo) VALUES (11,'Estante B1',2);
INSERT INTO ESTANTE (idEstante, descripcion, Pasillo_idPasillo) VALUES (12,'Estante B2',2);
INSERT INTO ESTANTE (idEstante, descripcion, Pasillo_idPasillo) VALUES (13,'Estante B3',2);
INSERT INTO ESTANTE (idEstante, descripcion, Pasillo_idPasillo) VALUES (14,'Estante B4',2);
INSERT INTO ESTANTE (idEstante, descripcion, Pasillo_idPasillo) VALUES (15,'Estante B5',2);
INSERT INTO ESTANTE (idEstante, descripcion, Pasillo_idPasillo) VALUES (16,'Estante B6',2);
INSERT INTO ESTANTE (idEstante, descripcion, Pasillo_idPasillo) VALUES (17,'Estante B7',2);
INSERT INTO ESTANTE (idEstante, descripcion, Pasillo_idPasillo) VALUES (18,'Estante B8',2);
INSERT INTO ESTANTE (idEstante, descripcion, Pasillo_idPasillo) VALUES (19,'Estante B9',2);
INSERT INTO ESTANTE (idEstante, descripcion, Pasillo_idPasillo) VALUES (20,'Estante B10',2);


------------------ INSERT CUBICULO ------------------

INSERT INTO CUBICULO (idCubiculo, descripcion, Estante_idEstante) VALUES (1,'Cubiculo 1',1);
INSERT INTO CUBICULO (idCubiculo, descripcion, Estante_idEstante) VALUES (2,'Cubiculo 2',2);
INSERT INTO CUBICULO (idCubiculo, descripcion, Estante_idEstante) VALUES (3,'Cubiculo 3',3);
INSERT INTO CUBICULO (idCubiculo, descripcion, Estante_idEstante) VALUES (4,'Cubiculo 4',4);
INSERT INTO CUBICULO (idCubiculo, descripcion, Estante_idEstante) VALUES (5,'Cubiculo 5',5);
INSERT INTO CUBICULO (idCubiculo, descripcion, Estante_idEstante) VALUES (6,'Cubiculo 6',6);
INSERT INTO CUBICULO (idCubiculo, descripcion, Estante_idEstante) VALUES (7,'Cubiculo 7',7);
INSERT INTO CUBICULO (idCubiculo, descripcion, Estante_idEstante) VALUES (8,'Cubiculo 8',8);
INSERT INTO CUBICULO (idCubiculo, descripcion, Estante_idEstante) VALUES (9,'Cubiculo 9',9);
INSERT INTO CUBICULO (idCubiculo, descripcion, Estante_idEstante) VALUES (10,'Cubiculo 10',10);


------------------ INSERT EDITORIAL ------------------

INSERT INTO EDITORIAL (idEditorial,nombre,correo,direccion) VALUES (1,'Larrosa Mas, S.L.','larrosa.@gmail.com','León XIII, 12');
INSERT INTO EDITORIAL (idEditorial,nombre,correo,direccion) VALUES (2,'Deloria Editores','deloriaeditores@gmail.com','Gran Vía, 77');
INSERT INTO EDITORIAL (idEditorial,nombre,correo,direccion) VALUES (3,'TechniBooks','technibooks@gmail.com','Espronceda, 11');
INSERT INTO EDITORIAL (idEditorial,nombre,correo,direccion) VALUES (4,'McCoy Hill','mccoyhill@gmail.com','Sants Metges, 2');
INSERT INTO EDITORIAL (idEditorial,nombre,correo,direccion) VALUES (5,'Grisham Publishing','grishampublishing@gmail.com','Alfonso Paso, 3');
INSERT INTO EDITORIAL (idEditorial,nombre,correo,direccion) VALUES (6,'McGraw-Hill','mcgrawhill@gmail.com','San Andrés, 21');
INSERT INTO EDITORIAL (idEditorial,nombre,correo,direccion) VALUES (7,'Springer','springer@gmail.com','Carlos III,43');
INSERT INTO EDITORIAL (idEditorial,nombre,correo,direccion) VALUES (8,'Prentice Hall','prenticehall@gmail.com','Plaza Luceros, 4');
INSERT INTO EDITORIAL (idEditorial,nombre,correo,direccion) VALUES (9,'Universidad de Granada','universidadgranada@gmail.com','Mairena del Aljarafe (Sevilla)');
INSERT INTO EDITORIAL (idEditorial,nombre,correo,direccion) VALUES (10,'Addison Wesley','addisonwesley@gmail.com','Jerez de la Frontera (Cádiz).');


------------------ INSERT IDIOMA ------------------

INSERT INTO IDIOMA (idIdioma,descripcion) VALUES (1,'Ingles');
INSERT INTO IDIOMA (idIdioma,descripcion) VALUES (2,'Español');


------------------ INSERT GENERO ------------------

INSERT INTO GENERO (idGenero,descripcion) VALUES (1,'Romántica');
INSERT INTO GENERO (idGenero,descripcion) VALUES (2,'Aventura');
INSERT INTO GENERO (idGenero,descripcion) VALUES (3,'Terror');
INSERT INTO GENERO (idGenero,descripcion) VALUES (4,'Ficcion / Realidad');
INSERT INTO GENERO (idGenero,descripcion) VALUES (5,'Ciencia Ficción');
INSERT INTO GENERO (idGenero,descripcion) VALUES (6,'Investigación');
INSERT INTO GENERO (idGenero,descripcion) VALUES (7,'Biográfica');
INSERT INTO GENERO (idGenero,descripcion) VALUES (8,'Infantil');
INSERT INTO GENERO (idGenero,descripcion) VALUES (9,'Autoayuda');
INSERT INTO GENERO (idGenero,descripcion) VALUES (10,'Erótica');
INSERT INTO GENERO (idGenero,descripcion) VALUES (11,'Hogar');
INSERT INTO GENERO (idGenero,descripcion) VALUES (12,'Enciclopedia / Manual');
INSERT INTO GENERO (idGenero,descripcion) VALUES (13,'Política');
INSERT INTO GENERO (idGenero,descripcion) VALUES (14,'Economía / Marketing');
INSERT INTO GENERO (idGenero,descripcion) VALUES (15,'Sociedad');
INSERT INTO GENERO (idGenero,descripcion) VALUES (16,'Deportes');
INSERT INTO GENERO (idGenero,descripcion) VALUES (17,'Viajes / Cultura');


------------------ INSERT CATEGORIA ------------------

INSERT INTO CATEGORIA (idCategoria,descripcion) VALUES (1,'Psicología');
INSERT INTO CATEGORIA (idCategoria,descripcion) VALUES (2,'Ciencia');
INSERT INTO CATEGORIA (idCategoria,descripcion) VALUES (3,'Salud');
INSERT INTO CATEGORIA (idCategoria,descripcion) VALUES (4,'Ficción');
INSERT INTO CATEGORIA (idCategoria,descripcion) VALUES (5,'Novela');
INSERT INTO CATEGORIA (idCategoria,descripcion) VALUES (6,'Poesía');
INSERT INTO CATEGORIA (idCategoria,descripcion) VALUES (7,'Técnica');
INSERT INTO CATEGORIA (idCategoria,descripcion) VALUES (8,'Historia');
INSERT INTO CATEGORIA (idCategoria,descripcion) VALUES (9,'Filosofía');
INSERT INTO CATEGORIA (idCategoria,descripcion) VALUES (10,'Arte');
INSERT INTO CATEGORIA (idCategoria,descripcion) VALUES (11,'Matemática');


------------------ INSERT TIPO PROVEEDOR ------------------

INSERT INTO TIPOPROVEEDOR (idTipoProveedor,descripcion) VALUES (1,'Proveedor Libros Matemática');
INSERT INTO TIPOPROVEEDOR (idTipoProveedor,descripcion) VALUES (2,'Proveedor Libros Románticos');
INSERT INTO TIPOPROVEEDOR (idTipoProveedor,descripcion) VALUES (3,'Proveedor Libros Terror');
INSERT INTO TIPOPROVEEDOR (idTipoProveedor,descripcion) VALUES (4,'Proveedor Dulces');
INSERT INTO TIPOPROVEEDOR (idTipoProveedor,descripcion) VALUES (5,'Proveedor Galletas');
INSERT INTO TIPOPROVEEDOR (idTipoProveedor,descripcion) VALUES (6,'Proveedor Baleadas');


------------------ INSERT PVARIOS ------------------

INSERT INTO PVARIOS (idPVarios,descripcion) VALUES (1,'Chocolate');
INSERT INTO PVARIOS (idPVarios,descripcion) VALUES (2,'Coca Cola');
INSERT INTO PVARIOS (idPVarios,descripcion) VALUES (3,'Pepsi Cola');
INSERT INTO PVARIOS (idPVarios,descripcion) VALUES (4,'Galleta Choki');
INSERT INTO PVARIOS (idPVarios,descripcion) VALUES (5,'Galleta Oreon');
INSERT INTO PVARIOS (idPVarios,descripcion) VALUES (6,'Cafe');
INSERT INTO PVARIOS (idPVarios,descripcion) VALUES (7,'Pan');
INSERT INTO PVARIOS (idPVarios,descripcion) VALUES (8,'Baleadas');


------------------ INSERT PROVEEDOR ------------------

INSERT INTO PROVEEDOR (idProveedor,direccion,correo,Telefono,descripcion,nombre,TipoProveedor_idTipoProveedor) VALUES (1,'Centro Comercial Villas Del Sol','Proveedor1@gmail.com','2222-2211','Proveedor 1','Proveedor1',1);
INSERT INTO PROVEEDOR (idProveedor,direccion,correo,Telefono,descripcion,nombre,TipoProveedor_idTipoProveedor) VALUES (2,'Centro Comercial Villas Del Sol','Proveedor2@gmail.com','2222-2211','Proveedor 2','Proveedor2',1);
INSERT INTO PROVEEDOR (idProveedor,direccion,correo,Telefono,descripcion,nombre,TipoProveedor_idTipoProveedor) VALUES (3,'Centro Comercial Villas Del Sol','Proveedor3@gmail.com','2222-2211','Proveedor 3','Proveedor3',2);
INSERT INTO PROVEEDOR (idProveedor,direccion,correo,Telefono,descripcion,nombre,TipoProveedor_idTipoProveedor) VALUES (4,'Centro Comercial Villas Del Sol','Proveedor4@gmail.com','2222-2211','Proveedor 4','Proveedor4',2);
INSERT INTO PROVEEDOR (idProveedor,direccion,correo,Telefono,descripcion,nombre,TipoProveedor_idTipoProveedor) VALUES (5,'Centro Comercial Villas Del Sol','Proveedor5@gmail.com','2222-2211','Proveedor 5','Proveedor5',3);


------------------ INSERT PROV PV ------------------

INSERT INTO PROVPV (idProvpv,cantidad,Proveedor_idProveedor,PVarios_idPVarios) VALUES (1,10,1,1);
INSERT INTO PROVPV (idProvpv,cantidad,Proveedor_idProveedor,PVarios_idPVarios) VALUES (2,10,1,2);
INSERT INTO PROVPV (idProvpv,cantidad,Proveedor_idProveedor,PVarios_idPVarios) VALUES (3,5,1,3);
INSERT INTO PROVPV (idProvpv,cantidad,Proveedor_idProveedor,PVarios_idPVarios) VALUES (4,25,1,4);
INSERT INTO PROVPV (idProvpv,cantidad,Proveedor_idProveedor,PVarios_idPVarios) VALUES (5,50,1,5);
INSERT INTO PROVPV (idProvpv,cantidad,Proveedor_idProveedor,PVarios_idPVarios) VALUES (6,25,1,6);
INSERT INTO PROVPV (idProvpv,cantidad,Proveedor_idProveedor,PVarios_idPVarios) VALUES (7,30,1,7);
INSERT INTO PROVPV (idProvpv,cantidad,Proveedor_idProveedor,PVarios_idPVarios) VALUES (8,15,2,2);
INSERT INTO PROVPV (idProvpv,cantidad,Proveedor_idProveedor,PVarios_idPVarios) VALUES (9,12,2,3);
INSERT INTO PROVPV (idProvpv,cantidad,Proveedor_idProveedor,PVarios_idPVarios) VALUES (10,16,2,5);
INSERT INTO PROVPV (idProvpv,cantidad,Proveedor_idProveedor,PVarios_idPVarios) VALUES (11,18,2,8);


------------------ INSERT LIBRO ------------------

INSERT INTO LIBRO (idlibro,nombre,anioPublicacion,Categoria_idCategoria,Idioma_idIdioma,PrecioCosto,PrecioVenta) VALUES (1,'Don Quijote de La Mancha I',1995,4,2,300,400);
INSERT INTO LIBRO (idlibro,nombre,anioPublicacion,Categoria_idCategoria,Idioma_idIdioma,PrecioCosto,PrecioVenta) VALUES (2,'El tránsito terreno',2015,2,2,300,400);
INSERT INTO LIBRO (idlibro,nombre,anioPublicacion,Categoria_idCategoria,Idioma_idIdioma,PrecioCosto,PrecioVenta) VALUES (3,'Historias de Nueva',2000,8,2,300,400);
INSERT INTO LIBRO (idlibro,nombre,anioPublicacion,Categoria_idCategoria,Idioma_idIdioma,PrecioCosto,PrecioVenta) VALUES (4,'El principito',1999,4,2,300,400);
INSERT INTO LIBRO (idlibro,nombre,anioPublicacion,Categoria_idCategoria,Idioma_idIdioma,PrecioCosto,PrecioVenta) VALUES (5,'El príncipe',1995,4,2,300,400);
INSERT INTO LIBRO (idlibro,nombre,anioPublicacion,Categoria_idCategoria,Idioma_idIdioma,PrecioCosto,PrecioVenta) VALUES (6,'Diplomacia',1995,8,2,300,400);
INSERT INTO LIBRO (idlibro,nombre,anioPublicacion,Categoria_idCategoria,Idioma_idIdioma,PrecioCosto,PrecioVenta) VALUES (7,'Los Windsor Plaza & Janes',1995,5,2,300,400);
INSERT INTO LIBRO (idlibro,nombre,anioPublicacion,Categoria_idCategoria,Idioma_idIdioma,PrecioCosto,PrecioVenta) VALUES (8,'El Último Emperador',1996,5,2,300,400);
INSERT INTO LIBRO (idlibro,nombre,anioPublicacion,Categoria_idCategoria,Idioma_idIdioma,PrecioCosto,PrecioVenta) VALUES (9,'Fortunata y Jacinta',1996,6,2,300,400);
INSERT INTO LIBRO (idlibro,nombre,anioPublicacion,Categoria_idCategoria,Idioma_idIdioma,PrecioCosto,PrecioVenta) VALUES (10,'Sistemas operativos',1990,7,2,300,400);
INSERT INTO LIBRO (idlibro,nombre,anioPublicacion,Categoria_idCategoria,Idioma_idIdioma,PrecioCosto,PrecioVenta) VALUES (11,'Poemas intrínsecos',2000,6,2,300,400);
INSERT INTO LIBRO (idlibro,nombre,anioPublicacion,Categoria_idCategoria,Idioma_idIdioma,PrecioCosto,PrecioVenta) VALUES (12,'Avances en Arquitectura',1990,2,2,300,400);
INSERT INTO LIBRO (idlibro,nombre,anioPublicacion,Categoria_idCategoria,Idioma_idIdioma,PrecioCosto,PrecioVenta) VALUES (13,'Las balas del bien',2001,4,2,300,400);
INSERT INTO LIBRO (idlibro,nombre,anioPublicacion,Categoria_idCategoria,Idioma_idIdioma,PrecioCosto,PrecioVenta) VALUES (14,'La mente y el sentir',2005,6,2,300,400);
INSERT INTO LIBRO (idlibro,nombre,anioPublicacion,Categoria_idCategoria,Idioma_idIdioma,PrecioCosto,PrecioVenta) VALUES (15,'Ensayos póstumos',1990,6,1,300,500);
INSERT INTO LIBRO (idlibro,nombre,anioPublicacion,Categoria_idCategoria,Idioma_idIdioma,PrecioCosto,PrecioVenta) VALUES (16,'Arquitectura y arte',2003,10,1,300,500);
INSERT INTO LIBRO (idlibro,nombre,anioPublicacion,Categoria_idCategoria,Idioma_idIdioma,PrecioCosto,PrecioVenta) VALUES (17,'Historia de Occidente',2014,8,2,300,500);
INSERT INTO LIBRO (idlibro,nombre,anioPublicacion,Categoria_idCategoria,Idioma_idIdioma,PrecioCosto,PrecioVenta) VALUES (18,'Sentimiento popular',2017,6,1,300,500);
INSERT INTO LIBRO (idlibro,nombre,anioPublicacion,Categoria_idCategoria,Idioma_idIdioma,PrecioCosto,PrecioVenta) VALUES (19,'Amigos o enemigos',1997,4,1,300,500);
INSERT INTO LIBRO (idlibro,nombre,anioPublicacion,Categoria_idCategoria,Idioma_idIdioma,PrecioCosto,PrecioVenta) VALUES (20,'Procesadores cuánticos',1899,2,1,300,500);
INSERT INTO LIBRO (idlibro,nombre,anioPublicacion,Categoria_idCategoria,Idioma_idIdioma,PrecioCosto,PrecioVenta) VALUES (21,'Canto de esperanza',2013,5,2,300,500);
INSERT INTO LIBRO (idlibro,nombre,anioPublicacion,Categoria_idCategoria,Idioma_idIdioma,PrecioCosto,PrecioVenta) VALUES (22,'Algebra lineal',2004,11,1,300,500);
INSERT INTO LIBRO (idlibro,nombre,anioPublicacion,Categoria_idCategoria,Idioma_idIdioma,PrecioCosto,PrecioVenta) VALUES (23,'Calculo II',1990,11,2,300,500);
INSERT INTO LIBRO (idlibro,nombre,anioPublicacion,Categoria_idCategoria,Idioma_idIdioma,PrecioCosto,PrecioVenta) VALUES (24,'Ecuaciones Diferenciales',1990,11,1,300,500);
INSERT INTO LIBRO (idlibro,nombre,anioPublicacion,Categoria_idCategoria,Idioma_idIdioma,PrecioCosto,PrecioVenta) VALUES (25,'Estructuras de datos',1995,11,1,300,500);


------------------ INSERT PROV LIB ------------------

INSERT INTO PROVLIB (idProvLib,cantidad,Proveedor_idProveedor,Libro_idLibro) VALUES (1,30,3,1);
INSERT INTO PROVLIB (idProvLib,cantidad,Proveedor_idProveedor,Libro_idLibro) VALUES (2,25,3,2);
INSERT INTO PROVLIB (idProvLib,cantidad,Proveedor_idProveedor,Libro_idLibro) VALUES (3,25,3,3);
INSERT INTO PROVLIB (idProvLib,cantidad,Proveedor_idProveedor,Libro_idLibro) VALUES (4,25,3,4);
INSERT INTO PROVLIB (idProvLib,cantidad,Proveedor_idProveedor,Libro_idLibro) VALUES (5,25,3,5);
INSERT INTO PROVLIB (idProvLib,cantidad,Proveedor_idProveedor,Libro_idLibro) VALUES (6,25,4,6);
INSERT INTO PROVLIB (idProvLib,cantidad,Proveedor_idProveedor,Libro_idLibro) VALUES (7,25,4,7);
INSERT INTO PROVLIB (idProvLib,cantidad,Proveedor_idProveedor,Libro_idLibro) VALUES (8,25,4,8);
INSERT INTO PROVLIB (idProvLib,cantidad,Proveedor_idProveedor,Libro_idLibro) VALUES (9,25,4,9);
INSERT INTO PROVLIB (idProvLib,cantidad,Proveedor_idProveedor,Libro_idLibro) VALUES (10,40,5,10);
INSERT INTO PROVLIB (idProvLib,cantidad,Proveedor_idProveedor,Libro_idLibro) VALUES (11,40,5,11);
INSERT INTO PROVLIB (idProvLib,cantidad,Proveedor_idProveedor,Libro_idLibro) VALUES (12,35,5,12);
INSERT INTO PROVLIB (idProvLib,cantidad,Proveedor_idProveedor,Libro_idLibro) VALUES (13,25,5,24);
INSERT INTO PROVLIB (idProvLib,cantidad,Proveedor_idProveedor,Libro_idLibro) VALUES (14,36,5,25);
INSERT INTO PROVLIB (idProvLib,cantidad,Proveedor_idProveedor,Libro_idLibro) VALUES (15,45,5,23);
INSERT INTO PROVLIB (idProvLib,cantidad,Proveedor_idProveedor,Libro_idLibro) VALUES (16,42,5,15);
INSERT INTO PROVLIB (idProvLib,cantidad,Proveedor_idProveedor,Libro_idLibro) VALUES (17,26,5,15);
INSERT INTO PROVLIB (idProvLib,cantidad,Proveedor_idProveedor,Libro_idLibro) VALUES (18,40,5,17);


------------------ INSERT AUTORES LIBROS ------------------

INSERT INTO AUTORESLIBROS (idAutoresLibros,Autor_idAutor,Libro_idLibro) VALUES (1,1,1);
INSERT INTO AUTORESLIBROS (idAutoresLibros,Autor_idAutor,Libro_idLibro) VALUES (2,1,2);
INSERT INTO AUTORESLIBROS (idAutoresLibros,Autor_idAutor,Libro_idLibro) VALUES (3,1,3);
INSERT INTO AUTORESLIBROS (idAutoresLibros,Autor_idAutor,Libro_idLibro) VALUES (4,1,4);
INSERT INTO AUTORESLIBROS (idAutoresLibros,Autor_idAutor,Libro_idLibro) VALUES (5,2,5);
INSERT INTO AUTORESLIBROS (idAutoresLibros,Autor_idAutor,Libro_idLibro) VALUES (6,2,6);
INSERT INTO AUTORESLIBROS (idAutoresLibros,Autor_idAutor,Libro_idLibro) VALUES (7,2,7);
INSERT INTO AUTORESLIBROS (idAutoresLibros,Autor_idAutor,Libro_idLibro) VALUES (8,2,8);
INSERT INTO AUTORESLIBROS (idAutoresLibros,Autor_idAutor,Libro_idLibro) VALUES (9,3,9);
INSERT INTO AUTORESLIBROS (idAutoresLibros,Autor_idAutor,Libro_idLibro) VALUES (10,3,10);
INSERT INTO AUTORESLIBROS (idAutoresLibros,Autor_idAutor,Libro_idLibro) VALUES (11,3,11);
INSERT INTO AUTORESLIBROS (idAutoresLibros,Autor_idAutor,Libro_idLibro) VALUES (12,3,12);
INSERT INTO AUTORESLIBROS (idAutoresLibros,Autor_idAutor,Libro_idLibro) VALUES (13,4,13);


------------------ INSERT GENEROS LIBROS ------------------

INSERT INTO GENEROSLIBROS (idGenerosLibros,Libro_idLibro,Genero_idGenero) VALUES (1,1,1);
INSERT INTO GENEROSLIBROS (idGenerosLibros,Libro_idLibro,Genero_idGenero) VALUES (2,2,1);
INSERT INTO GENEROSLIBROS (idGenerosLibros,Libro_idLibro,Genero_idGenero) VALUES (3,3,1);
INSERT INTO GENEROSLIBROS (idGenerosLibros,Libro_idLibro,Genero_idGenero) VALUES (4,4,1);
INSERT INTO GENEROSLIBROS (idGenerosLibros,Libro_idLibro,Genero_idGenero) VALUES (5,5,2);
INSERT INTO GENEROSLIBROS (idGenerosLibros,Libro_idLibro,Genero_idGenero) VALUES (6,6,2);
INSERT INTO GENEROSLIBROS (idGenerosLibros,Libro_idLibro,Genero_idGenero) VALUES (7,7,2);
INSERT INTO GENEROSLIBROS (idGenerosLibros,Libro_idLibro,Genero_idGenero) VALUES (8,8,2);
INSERT INTO GENEROSLIBROS (idGenerosLibros,Libro_idLibro,Genero_idGenero) VALUES (9,9,3);
INSERT INTO GENEROSLIBROS (idGenerosLibros,Libro_idLibro,Genero_idGenero) VALUES (10,10,3);
INSERT INTO GENEROSLIBROS (idGenerosLibros,Libro_idLibro,Genero_idGenero) VALUES (11,11,3);
INSERT INTO GENEROSLIBROS (idGenerosLibros,Libro_idLibro,Genero_idGenero) VALUES (12,12,3);


------------------ INSERT EDICION ------------------

INSERT INTO EDICION (idEdicion,descripcion,fechaPublicacion,Libro_idLibro) VALUES (1,'edicion 1',TO_DATE('02/03/1995 22:05:01','DD/MM/YYYY hh24:mi:ss'),1);
INSERT INTO EDICION (idEdicion,descripcion,fechaPublicacion,Libro_idLibro) VALUES (2,'edicion 2',TO_DATE('02/03/1996 22:05:01','DD/MM/YYYY hh24:mi:ss'),1);
INSERT INTO EDICION (idEdicion,descripcion,fechaPublicacion,Libro_idLibro) VALUES (3,'edicion 3',TO_DATE('02/03/2000 22:05:01','DD/MM/YYYY hh24:mi:ss'),1);

INSERT INTO EDICION (idEdicion,descripcion,fechaPublicacion,Libro_idLibro) VALUES (4,'edicion 1',TO_DATE('02/03/2015 22:05:01','DD/MM/YYYY hh24:mi:ss'),2);
INSERT INTO EDICION (idEdicion,descripcion,fechaPublicacion,Libro_idLibro) VALUES (5,'edicion 2',TO_DATE('02/03/2016 22:05:01','DD/MM/YYYY hh24:mi:ss'),2);
INSERT INTO EDICION (idEdicion,descripcion,fechaPublicacion,Libro_idLibro) VALUES (6,'edicion 3',TO_DATE('02/03/2017 22:05:01','DD/MM/YYYY hh24:mi:ss'),2);
INSERT INTO EDICION (idEdicion,descripcion,fechaPublicacion,Libro_idLibro) VALUES (7,'edicion 4',TO_DATE('02/03/2018 22:05:01','DD/MM/YYYY hh24:mi:ss'),2);
INSERT INTO EDICION (idEdicion,descripcion,fechaPublicacion,Libro_idLibro) VALUES (8,'edicion 5',TO_DATE('02/03/2019 22:05:01','DD/MM/YYYY hh24:mi:ss'),2);

INSERT INTO EDICION (idEdicion,descripcion,fechaPublicacion,Libro_idLibro) VALUES (9,'edicion 1',TO_DATE('02/03/2000 22:05:01','DD/MM/YYYY hh24:mi:ss'),3);
INSERT INTO EDICION (idEdicion,descripcion,fechaPublicacion,Libro_idLibro) VALUES (10,'edicion 2',TO_DATE('02/03/2003 22:05:01','DD/MM/YYYY hh24:mi:ss'),3);
INSERT INTO EDICION (idEdicion,descripcion,fechaPublicacion,Libro_idLibro) VALUES (11,'edicion 3',TO_DATE('02/03/2006 22:05:01','DD/MM/YYYY hh24:mi:ss'),3);
INSERT INTO EDICION (idEdicion,descripcion,fechaPublicacion,Libro_idLibro) VALUES (12,'edicion 4',TO_DATE('02/03/2008 22:05:01','DD/MM/YYYY hh24:mi:ss'),3);

INSERT INTO EDICION (idEdicion,descripcion,fechaPublicacion,Libro_idLibro) VALUES (13,'edicion 1',TO_DATE('02/03/1999 22:05:01','DD/MM/YYYY hh24:mi:ss'),4);
INSERT INTO EDICION (idEdicion,descripcion,fechaPublicacion,Libro_idLibro) VALUES (14,'edicion 2',TO_DATE('02/03/2005 22:05:01','DD/MM/YYYY hh24:mi:ss'),4);

INSERT INTO EDICION (idEdicion,descripcion,fechaPublicacion,Libro_idLibro) VALUES (15,'edicion 1',TO_DATE('02/03/1990 22:05:01','DD/MM/YYYY hh24:mi:ss'),24);
INSERT INTO EDICION (idEdicion,descripcion,fechaPublicacion,Libro_idLibro) VALUES (16,'edicion 2',TO_DATE('02/03/1992 22:05:01','DD/MM/YYYY hh24:mi:ss'),24);
INSERT INTO EDICION (idEdicion,descripcion,fechaPublicacion,Libro_idLibro) VALUES (17,'edicion 3',TO_DATE('02/03/1994 22:05:01','DD/MM/YYYY hh24:mi:ss'),24);
INSERT INTO EDICION (idEdicion,descripcion,fechaPublicacion,Libro_idLibro) VALUES (18,'edicion 4',TO_DATE('02/03/1996 22:05:01','DD/MM/YYYY hh24:mi:ss'),24);
INSERT INTO EDICION (idEdicion,descripcion,fechaPublicacion,Libro_idLibro) VALUES (19,'edicion 5',TO_DATE('02/03/2000 22:05:01','DD/MM/YYYY hh24:mi:ss'),24);
INSERT INTO EDICION (idEdicion,descripcion,fechaPublicacion,Libro_idLibro) VALUES (20,'edicion 6',TO_DATE('02/03/2004 22:05:01','DD/MM/YYYY hh24:mi:ss'),24);


------------------ INSERT LIB EDIT ------------------

INSERT INTO LIBEDIT (idLibEdit,Editorial_idEditorial,Libro_idLibro) VALUES (1,1,1);
INSERT INTO LIBEDIT (idLibEdit,Editorial_idEditorial,Libro_idLibro) VALUES (2,2,2);
INSERT INTO LIBEDIT (idLibEdit,Editorial_idEditorial,Libro_idLibro) VALUES (3,3,3);
INSERT INTO LIBEDIT (idLibEdit,Editorial_idEditorial,Libro_idLibro) VALUES (4,4,4);
INSERT INTO LIBEDIT (idLibEdit,Editorial_idEditorial,Libro_idLibro) VALUES (5,5,5);
INSERT INTO LIBEDIT (idLibEdit,Editorial_idEditorial,Libro_idLibro) VALUES (6,1,6);
INSERT INTO LIBEDIT (idLibEdit,Editorial_idEditorial,Libro_idLibro) VALUES (7,2,7);
INSERT INTO LIBEDIT (idLibEdit,Editorial_idEditorial,Libro_idLibro) VALUES (8,6,22);
INSERT INTO LIBEDIT (idLibEdit,Editorial_idEditorial,Libro_idLibro) VALUES (9,7,23);
INSERT INTO LIBEDIT (idLibEdit,Editorial_idEditorial,Libro_idLibro) VALUES (10,8,24);
INSERT INTO LIBEDIT (idLibEdit,Editorial_idEditorial,Libro_idLibro) VALUES (11,9,25);


------------------ INSERT POSICION LIBRO ------------------

INSERT INTO POSICIONLIBRO (idPosicionLibro,descripcion,Cubiculo_idCubiculo,Libro_idLibro) VALUES (1,'',1,1);
INSERT INTO POSICIONLIBRO (idPosicionLibro,descripcion,Cubiculo_idCubiculo,Libro_idLibro) VALUES (2,'',2,2);
INSERT INTO POSICIONLIBRO (idPosicionLibro,descripcion,Cubiculo_idCubiculo,Libro_idLibro) VALUES (3,'',3,3);
INSERT INTO POSICIONLIBRO (idPosicionLibro,descripcion,Cubiculo_idCubiculo,Libro_idLibro) VALUES (4,'',4,4);
INSERT INTO POSICIONLIBRO (idPosicionLibro,descripcion,Cubiculo_idCubiculo,Libro_idLibro) VALUES (5,'',5,5);
INSERT INTO POSICIONLIBRO (idPosicionLibro,descripcion,Cubiculo_idCubiculo,Libro_idLibro) VALUES (6,'',6,6);
INSERT INTO POSICIONLIBRO (idPosicionLibro,descripcion,Cubiculo_idCubiculo,Libro_idLibro) VALUES (7,'',7,7);
INSERT INTO POSICIONLIBRO (idPosicionLibro,descripcion,Cubiculo_idCubiculo,Libro_idLibro) VALUES (8,'',8,8);
INSERT INTO POSICIONLIBRO (idPosicionLibro,descripcion,Cubiculo_idCubiculo,Libro_idLibro) VALUES (9,'',9,9);
INSERT INTO POSICIONLIBRO (idPosicionLibro,descripcion,Cubiculo_idCubiculo,Libro_idLibro) VALUES (10,'',10,10);
INSERT INTO POSICIONLIBRO (idPosicionLibro,descripcion,Cubiculo_idCubiculo,Libro_idLibro) VALUES (11,'',1,11);
INSERT INTO POSICIONLIBRO (idPosicionLibro,descripcion,Cubiculo_idCubiculo,Libro_idLibro) VALUES (12,'',2,12);
INSERT INTO POSICIONLIBRO (idPosicionLibro,descripcion,Cubiculo_idCubiculo,Libro_idLibro) VALUES (13,'',3,13);
INSERT INTO POSICIONLIBRO (idPosicionLibro,descripcion,Cubiculo_idCubiculo,Libro_idLibro) VALUES (14,'',4,14);


------------------ INSERT TIPO OBTENCION ------------------

INSERT INTO TIPOOBTENCION (idTipoObtencion, descripcion) VALUES (1,'Vendido');
INSERT INTO TIPOOBTENCION (idTipoObtencion, descripcion) VALUES (2,'Prestamo');


------------------ INSERT PRESTAMO ------------------

INSERT INTO PRESTAMO (idPrestamo,fechaInicio,fechaMax) VALUES (1,TO_DATE('02/03/2019 22:05:01','DD/MM/YYYY hh24:mi:ss'),TO_DATE('12/03/2019 22:05:01','DD/MM/YYYY hh24:mi:ss'));
INSERT INTO PRESTAMO (idPrestamo,fechaInicio,fechaMax) VALUES (2,TO_DATE('02/03/2019 22:05:01','DD/MM/YYYY hh24:mi:ss'),TO_DATE('12/03/2019 22:05:01','DD/MM/YYYY hh24:mi:ss'));
INSERT INTO PRESTAMO (idPrestamo,fechaInicio,fechaMax) VALUES (3,TO_DATE('02/03/2019 22:05:01','DD/MM/YYYY hh24:mi:ss'),TO_DATE('12/03/2019 22:05:01','DD/MM/YYYY hh24:mi:ss'));
INSERT INTO PRESTAMO (idPrestamo,fechaInicio,fechaMax) VALUES (4,TO_DATE('02/03/2019 22:05:01','DD/MM/YYYY hh24:mi:ss'),TO_DATE('12/03/2019 22:05:01','DD/MM/YYYY hh24:mi:ss'));
INSERT INTO PRESTAMO (idPrestamo,fechaInicio,fechaMax) VALUES (5,TO_DATE('02/03/2019 22:05:01','DD/MM/YYYY hh24:mi:ss'),TO_DATE('12/03/2019 22:05:01','DD/MM/YYYY hh24:mi:ss'));
INSERT INTO PRESTAMO (idPrestamo,fechaInicio,fechaMax) VALUES (6,TO_DATE('02/03/2019 22:05:01','DD/MM/YYYY hh24:mi:ss'),TO_DATE('12/03/2019 22:05:01','DD/MM/YYYY hh24:mi:ss'));
INSERT INTO PRESTAMO (idPrestamo,fechaInicio,fechaMax) VALUES (7,TO_DATE('02/03/2019 22:05:01','DD/MM/YYYY hh24:mi:ss'),TO_DATE('12/03/2019 22:05:01','DD/MM/YYYY hh24:mi:ss'));
INSERT INTO PRESTAMO (idPrestamo,fechaInicio,fechaMax) VALUES (8,TO_DATE('02/03/2019 22:05:01','DD/MM/YYYY hh24:mi:ss'),TO_DATE('12/03/2019 22:05:01','DD/MM/YYYY hh24:mi:ss'));
INSERT INTO PRESTAMO (idPrestamo,fechaInicio,fechaMax) VALUES (9,TO_DATE('02/03/2019 22:05:01','DD/MM/YYYY hh24:mi:ss'),TO_DATE('12/03/2019 22:05:01','DD/MM/YYYY hh24:mi:ss'));
INSERT INTO PRESTAMO (idPrestamo,fechaInicio,fechaMax) VALUES (10,TO_DATE('02/03/2019 22:05:01','DD/MM/YYYY hh24:mi:ss'),TO_DATE('12/03/2019 22:05:01','DD/MM/YYYY hh24:mi:ss'));
INSERT INTO PRESTAMO (idPrestamo,fechaInicio,fechaMax) VALUES (11,TO_DATE('02/03/2019 22:05:01','DD/MM/YYYY hh24:mi:ss'),TO_DATE('12/03/2019 22:05:01','DD/MM/YYYY hh24:mi:ss'));
INSERT INTO PRESTAMO (idPrestamo,fechaInicio,fechaMax) VALUES (12,TO_DATE('02/03/2019 22:05:01','DD/MM/YYYY hh24:mi:ss'),TO_DATE('12/03/2019 22:05:01','DD/MM/YYYY hh24:mi:ss'));
INSERT INTO PRESTAMO (idPrestamo,fechaInicio,fechaMax) VALUES (13,TO_DATE('02/03/2019 22:05:01','DD/MM/YYYY hh24:mi:ss'),TO_DATE('12/03/2019 22:05:01','DD/MM/YYYY hh24:mi:ss'));
INSERT INTO PRESTAMO (idPrestamo,fechaInicio,fechaMax) VALUES (14,TO_DATE('02/03/2019 22:05:01','DD/MM/YYYY hh24:mi:ss'),TO_DATE('12/03/2019 22:05:01','DD/MM/YYYY hh24:mi:ss'));
INSERT INTO PRESTAMO (idPrestamo,fechaInicio,fechaMax) VALUES (15,TO_DATE('02/03/2019 22:05:01','DD/MM/YYYY hh24:mi:ss'),TO_DATE('12/03/2019 22:05:01','DD/MM/YYYY hh24:mi:ss'));
INSERT INTO PRESTAMO (idPrestamo,fechaInicio,fechaMax) VALUES (16,TO_DATE('02/03/2019 22:05:01','DD/MM/YYYY hh24:mi:ss'),TO_DATE('12/03/2019 22:05:01','DD/MM/YYYY hh24:mi:ss'));
INSERT INTO PRESTAMO (idPrestamo,fechaInicio,fechaMax) VALUES (17,TO_DATE('02/03/2019 22:05:01','DD/MM/YYYY hh24:mi:ss'),TO_DATE('12/03/2019 22:05:01','DD/MM/YYYY hh24:mi:ss'));
INSERT INTO PRESTAMO (idPrestamo,fechaInicio,fechaMax) VALUES (18,TO_DATE('02/03/2019 22:05:01','DD/MM/YYYY hh24:mi:ss'),TO_DATE('12/03/2019 22:05:01','DD/MM/YYYY hh24:mi:ss'));
INSERT INTO PRESTAMO (idPrestamo,fechaInicio,fechaMax) VALUES (19,TO_DATE('02/03/2019 22:05:01','DD/MM/YYYY hh24:mi:ss'),TO_DATE('12/03/2019 22:05:01','DD/MM/YYYY hh24:mi:ss'));
INSERT INTO PRESTAMO (idPrestamo,fechaInicio,fechaMax) VALUES (20,TO_DATE('02/03/2019 22:05:01','DD/MM/YYYY hh24:mi:ss'),TO_DATE('12/03/2019 22:05:01','DD/MM/YYYY hh24:mi:ss'));
INSERT INTO PRESTAMO (idPrestamo,fechaInicio,fechaMax) VALUES (21,TO_DATE('02/03/2019 22:05:01','DD/MM/YYYY hh24:mi:ss'),TO_DATE('12/03/2019 22:05:01','DD/MM/YYYY hh24:mi:ss'));
INSERT INTO PRESTAMO (idPrestamo,fechaInicio,fechaMax) VALUES (22,TO_DATE('02/03/2019 22:05:01','DD/MM/YYYY hh24:mi:ss'),TO_DATE('12/03/2019 22:05:01','DD/MM/YYYY hh24:mi:ss'));
INSERT INTO PRESTAMO (idPrestamo,fechaInicio,fechaMax) VALUES (23,TO_DATE('02/03/2019 22:05:01','DD/MM/YYYY hh24:mi:ss'),TO_DATE('12/03/2019 22:05:01','DD/MM/YYYY hh24:mi:ss'));
INSERT INTO PRESTAMO (idPrestamo,fechaInicio,fechaMax) VALUES (24,TO_DATE('02/03/2019 22:05:01','DD/MM/YYYY hh24:mi:ss'),TO_DATE('12/03/2019 22:05:01','DD/MM/YYYY hh24:mi:ss'));
INSERT INTO PRESTAMO (idPrestamo,fechaInicio,fechaMax) VALUES (25,TO_DATE('02/03/2019 22:05:01','DD/MM/YYYY hh24:mi:ss'),TO_DATE('12/03/2019 22:05:01','DD/MM/YYYY hh24:mi:ss'));
INSERT INTO PRESTAMO (idPrestamo,fechaInicio,fechaMax) VALUES (26,TO_DATE('02/03/2019 22:05:01','DD/MM/YYYY hh24:mi:ss'),TO_DATE('12/03/2019 22:05:01','DD/MM/YYYY hh24:mi:ss'));
INSERT INTO PRESTAMO (idPrestamo,fechaInicio,fechaMax) VALUES (27,TO_DATE('02/03/2019 22:05:01','DD/MM/YYYY hh24:mi:ss'),TO_DATE('12/03/2019 22:05:01','DD/MM/YYYY hh24:mi:ss'));
INSERT INTO PRESTAMO (idPrestamo,fechaInicio,fechaMax) VALUES (28,TO_DATE('02/03/2019 22:05:01','DD/MM/YYYY hh24:mi:ss'),TO_DATE('12/03/2019 22:05:01','DD/MM/YYYY hh24:mi:ss'));
INSERT INTO PRESTAMO (idPrestamo,fechaInicio,fechaMax) VALUES (29,TO_DATE('02/03/2019 22:05:01','DD/MM/YYYY hh24:mi:ss'),TO_DATE('12/03/2019 22:05:01','DD/MM/YYYY hh24:mi:ss'));
INSERT INTO PRESTAMO (idPrestamo,fechaInicio,fechaMax) VALUES (30,TO_DATE('02/03/2019 22:05:01','DD/MM/YYYY hh24:mi:ss'),TO_DATE('12/03/2019 22:05:01','DD/MM/YYYY hh24:mi:ss'));


------------------ INSERT DESCUENTO ------------------

INSERT INTO DESCUENTO (idDescuento, porcentajeDescuento, descripcion) VALUES (1,0.10,'descuento persona normal');
INSERT INTO DESCUENTO (idDescuento, porcentajeDescuento, descripcion) VALUES (2,0.20,'descuento estudiante');
INSERT INTO DESCUENTO (idDescuento, porcentajeDescuento, descripcion) VALUES (3,0.30,'descuento tercera edad');
INSERT INTO DESCUENTO (idDescuento, porcentajeDescuento, descripcion) VALUES (4,0.30,'descuento maestro');
INSERT INTO DESCUENTO (idDescuento, porcentajeDescuento, descripcion) VALUES (5,0.35,'descuento empleados');


------------------ INSERT TIPO PAGO ------------------

INSERT INTO TIPOPAGO (idTipoPago,descripcion) VALUES (1,'Tarjetas de Credito');
INSERT INTO TIPOPAGO (idTipoPago,descripcion) VALUES (2,'Tarjetas de Debito');
INSERT INTO TIPOPAGO (idTipoPago,descripcion) VALUES (3,'Efectivo');


------------------ INSERT PAGO ------------------



------------------ INSERT MORA ------------------



------------------ INSERT FACTURA ------------------



------------------ INSERT DETALLE FACTURA ------------------



